skills,career
"python sql pandas numpy machine learning statistics",Data Scientist
"python tensorflow pytorch deep learning",AI Engineer
"html css javascript react bootstrap",Frontend Developer
"python flask django sql mongodb",Backend Developer
"html css javascript react node.js mongodb",Full Stack Developer
"react node.js express mongodb javascript",MERN Stack Developer
"excel sql power bi tableau data analysis",Data Analyst
"python scikit-learn pandas matplotlib",Machine Learning Engineer
"java c++ algorithms data structures git",Software Engineer
"cybersecurity linux ethical hacking network security",Cybersecurity Analyst
"aws azure docker kubernetes linux",Cloud Engineer
"excel sql communication power bi",Business Analyst
"java android firebase",Android Developer
"flutter firebase dart",Flutter Developer
"python nlp generative ai llms",AI Engineer
"python opencv tensorflow deep learning",Computer Vision Engineer
"html css javascript angular",Frontend Developer
"python pandas seaborn numpy",Data Analyst
"react tailwind javascript",Frontend Developer
"python flask api development",Backend Developer
"docker kubernetes aws devops linux",Cloud Engineer
"machine learning scikit-learn python",Machine Learning Engineer
"deep learning tensorflow pytorch",AI Engineer
"mongodb express react node.js",MERN Stack Developer
"excel tableau business analysis",Business Analyst
"java spring mysql",Backend Developer
"python automation scripting",Automation Engineer
"linux networking cybersecurity",Cybersecurity Analyst
"flutter mobile app firebase",Flutter Developer
"html css ui ux bootstrap",UI Developer
"python pandas data visualization",Data Analyst
"tensorflow keras deep learning",AI Engineer
"git github linux docker",DevOps Engineer
"javascript react frontend",Frontend Developer
"python sql machine learning",Data Scientist
"aws cloud docker",Cloud Engineer
"android kotlin firebase",Android Developer
"mongodb node.js backend",Backend Developer
"react express mongodb",MERN Stack Developer
"nlp transformers llms",AI Engineer
"data science python statistics",Data Scientist
"tableau power bi excel",Business Analyst
"c++ problem solving algorithms",Software Engineer
"django flask backend python",Backend Developer
"opencv computer vision python",Computer Vision Engineer
"tailwind bootstrap css html",Frontend Developer
"pandas numpy matplotlib python",Data Analyst
"linux docker kubernetes",DevOps Engineer
"firebase flutter dart",Flutter Developer